form	lemma	POS	morph
		
༽ ༄༅།		PUNCT
ཚོགས་	ཚོགས་	NOUN
ཀྱི་	གི་	PART
འཁོར་ལོ་	འཁོར་ལོ་	NOUN
འི་	གི་	PART
རྣམ་པ་	རྣམ་པ་	NOUN
ར་	ལ་	PART
བཤད་པ་	བཤད་པ་	VERB
མདོར་བསྡུས་	མདོར་བསྡུས་	OTHER
ཉེ་བ་		
མཁོ་བ་	མཁོ་བ་	VERB
དངོས་གྲུབ་	དངོས་གྲུབ་	NOUN
སྦྲང་རྩི་	སྦྲང་རྩི་	NOUN
འི་	གི་	PART
ཟིལ་མངར་	ཟིལ་མངར་	OTHER
བཞུགས་	བཞུགས་	VERB
སོ་	གོ་	PART
།		PUNCT
		
༽		PUNCT
ལགས་	ལགས་	AUX
འོ་ན་	འོ་ན་	NO_POS
ད་ལམ་	ད་ལམ་	NO_POS
གྱི་	གི་	PART
སྐབས་	སྐབས་	NOUN
འདི་ཉིད་	འདི་ཉིད་	OTHER
དུ་	ལ་	PART
ཟབ་མོ་	ཟབ་མོ་	ADJ
ཚོགས་	ཚོགས་	NOUN
ཀྱི་	གི་	PART
འཁོར་ལོ་	འཁོར་ལོ་	NOUN
རྒྱ་ཆེན་པོ་	རྒྱ་ཆེན་པོ་	ADJ
བགྱིས་པ་	བགྱིས་པ་	VERB
ནི་	ནི་	NO_POS
བསོད་ནམས་	བསོད་ནམས་	NOUN
དག་	དག་	DET
ངོ་མཚར་	ངོ་མཚར་	ADJ
གྱི་	གི་	PART
མཆོག་	མཆོག་	ADJ
ཏུ་	ལ་	PART
གྱུར་པ་	གྱུར་པ་	VERB
ལགས་	ལགས་	AUX
ཤིང་	ཅིང་	PART
།		PUNCT
དེ་	སྟེ་	PART
ལ་	ལ་	PART
ཚོགས་	ཚོགས་	NOUN
ཀྱི་	གི་	PART
ངོ་བོ་	ངོ་བོ་	NOUN
།		PUNCT
ངེས་ཚིག་	ངེས་ཚིག་	NOUN
དབྱེ་བ་	དབྱེ་བ་	VERB
ཇི་ལྟ་		
བགྱི་བ་	བགྱི་བ་	VERB
འི་	གི་	PART
ཐབས་	ཐབས་	NOUN
།		PUNCT
བགྱིས་པ་	བགྱིས་པ་	VERB
འི་	གི་	PART
ཕན་ཡོན་	ཕན་ཡོན་	NOUN
དང་	དང་	NO_POS
བཅས་པ་	བཅས་པ་	VERB
འི་	གི་	PART
རིམ་པ་	རིམ་པ་	NOUN
ལ་	ལ་	ADP
ས་	གིས་	PART
དང་པོ་	དང་པོ་	ADJ
ངོ་བོ་	ངོ་བོ་	NOUN
ནི་	ནི་	NO_POS
།		PUNCT
ཚོགས་	ཚོགས་	NOUN
གཉིས་	གཉིས་	NUM
ཡོངས་སུ་	ཡོངས་སུ་	NO_POS
རྫོགས་པ་	རྫོགས་པ་	VERB
ར་	ལ་	PART
བྱ་བ་	བྱ་བ་	VERB
དང་	དང་	NO_POS
།		PUNCT
ལྷ་	ལྷ་	NOUN
དང་	དང་	NO_POS
བླ་མ་	བླ་མ་	NOUN
མཆེད་ལྕམ་	མཆེད་ལྕམ་	NOUN
རྣམས་	རྣམས་	DET
ཀྱི་	གི་	PART
དགྱེས་པ་	དགྱེས་པ་	VERB
སྐོང་བ་	སྐོང་བ་	VERB
ར་	ལ་	PART
བྱེད་པ་	བྱེད་པ་	VERB
འི་	གི་	PART
རྫ་	རྫ་	NOUN
ཀྱི་	གི་	PART
རྣམ་	རྣམ་	NOUN
གྲངས་	གྲངས་	NOUN
སོ་	གོ་	PART
།		PUNCT
ངེས་ཚིག་	ངེས་ཚིག་	NOUN
ནི་	ནི་	NO_POS
།		PUNCT
ལེགས་སྦྱར་	ལེགས་སྦྱར་	OTHER
གྱི་	གི་	PART
སྐད་	སྐད་	NOUN
དུ་	ལ་	PART
ག་	ག་	PRON
ཎ་		NON_WORD
ཞེ་	ཅེས་	PART
བྱ་བ་	བྱ་བ་	VERB
དེ་ཉིད་	དེ་ཉིད་	NOUN
		
༽		PUNCT
བོད་སྐད་	བོད་སྐད་	PROPN
དུ་	ལ་	PART
ཚོགས་	ཚོགས་	NOUN
ཅེས་	ཅེས་	PART
བྱ་	བྱ་	VERB
སྟེ་	སྟེ་	PART
།		PUNCT
ཐབས་ཤེས་	ཐབས་ཤེས་	NOUN
ཀྱི་	གི་	PART
རྫ་	རྫ་	NOUN
སུ་	ལ་	PART
གྱུར་པ་	གྱུར་པ་	VERB
འི་	གི་	PART
འདོད་ཡོན་	འདོད་ཡོན་	NOUN
བཟའ་བཏུང་	བཟའ་བཏུང་	NOUN
གི་	གི་	PART
རྣམ་	རྣམ་	NOUN
གྲངས་	གྲངས་	NOUN
མང་པོ་	མང་པོ་	ADJ
ཚོགས་པ་	ཚོགས་པ་	VERB
ར་	ལ་	PART
བཤམས་པ་	བཤམས་པ་	VERB
ས་	གིས་	PART
ན་	ལ་	PART
ཚོགས་	ཚོགས་	NOUN
ཅེས་	ཅེས་	PART
བྱ་	བྱ་	VERB
འོ་	གོ་	PART
།		PUNCT
དབྱེ་བ་	དབྱེ་བ་	VERB
ནི་	ནི་	NO_POS
།		PUNCT
ཕྱི་	ཕྱི་	NOUN
ནང་	ནང་	NOUN
གསང་བ་	གསང་བ་	VERB
དེ་	སྟེ་	PART
ཁོ་ན་ཉིད་	ཁོ་ན་ཉིད་	NO_POS
ལ་	ལ་	ADP
ས་	གིས་	PART
།		PUNCT
ཕྱི་	ཕྱི་	NOUN
ལྟ་	ལྟ་	OTHER
ན་	ལ་	PART
དབང་ཆེན་	དབང་ཆེན་	OTHER
གསེར་	གསེར་	NOUN
གྱི་	གི་	PART
ས་གཞི་	ས་གཞི་	NOUN
འི་	གི་	PART
ཚོགས་	ཚོགས་	NOUN
སྣོད་	སྣོད་	NOUN
དུ་	ལ་	PART
གླིང་བཞི་	གླིང་བཞི་	NO_POS
རི་རབ་	རི་རབ་	PROPN
རོལ་མཚོ་	རོལ་མཚོ་	OTHER
དང་	དང་	NO_POS
བཅས་པ་	བཅས་པ་	VERB
ཚོགས་	ཚོགས་	NOUN
ཀྱི་	གི་	PART
ཡོ་བྱད་	ཡོ་བྱད་	NOUN
དུ་	ལ་	PART
རང་བཞིན་	རང་བཞིན་	NOUN
གྱིས་	གིས་	PART
བཀོད་	བཀོད་	VERB
ཅིང་	ཅིང་	PART
།		PUNCT
བཅུད་	བཅུད་	NOUN
ཀྱི་	གི་	PART
སེམས་ཅན་	སེམས་ཅན་	NOUN
སྐྱེ་འགྲོ་	སྐྱེ་འགྲོ་	NOUN
མཐའ་དག་	མཐའ་དག་	DET
ཚོགས་	ཚོགས་	NOUN
ཀྱི་	གི་	PART
རྒྱན་	རྒྱན་	NOUN
དུ་	ལ་	PART
ཡེ་ནས་	ཡེ་ནས་	NO_POS
ལྷུན་	ལྷུན་	NOUN
གྱིས་	གིས་	PART
གྲུབ་པ་	གྲུབ་པ་	VERB
ནི་	ནི་	NO_POS
སྣང་སྲིད་	སྣང་སྲིད་	NOUN
རང་བྱུང་	རང་བྱུང་	NOUN
ཕྱི་	ཕྱི་	NOUN
འི་	གི་	PART
ཚོགས་མཆོད་	ཚོགས་མཆོད་	NOUN
རྨད་	རྨད་	VERB
དུ་	ལ་	PART
བྱུང་བ་	བྱུང་བ་	VERB
དེ་ཉིད་	དེ་ཉིད་	NOUN
བླ་མ་	བླ་མ་	NOUN
ཡི་	གི་	PART
		
༽		PUNCT
དམ་	གམ་	PART
མཁའ་འགྲོ་	མཁའ་འགྲོ་	NOUN
ཚོགས་	ཚོགས་	NOUN
ལ་	ལ་	PART
རང་བྱུང་	རང་བྱུང་	NOUN
རང་བབ་	རང་བབ་	NO_POS
ཆེན་པོ་	ཆེན་པོ་	ADJ
ར་	ལ་	PART
འབུལ་བ་	འབུལ་བ་	VERB
ནི་	ནི་	NO_POS
ཕྱི་	ཕྱི་	NOUN
འི་	གི་	PART
ཚོགས་	ཚོགས་	NOUN
།		PUNCT
ནག་	ནག་	VERB
ལྟ་	ལྟ་	OTHER
ན་	ལ་	PART
།		PUNCT
ཐབས་	ཐབས་	NOUN
ཀྱི་	གི་	PART
རྫ་	རྫ་	NOUN
བཟའ་བ་	བཟའ་བ་	VERB
འི་	གི་	PART
རིགས་	རིགས་	NOUN
གྱུར་	གྱུར་	VERB
ཐམས་ཅད་	ཐམས་ཅད་	DET
དང་	དང་	NO_POS
།		PUNCT
ཤེས་རབ་	ཤེས་རབ་	NOUN
ཀྱི་	གི་	PART
རྫ་	རྫ་	NOUN
བཏུང་བ་	བཏུང་བ་	VERB
འི་	གི་	PART
རིགས་	རིགས་	NOUN
གྱུར་	གྱུར་	VERB
ཐམས་ཅད་	ཐམས་ཅད་	DET
དང་	དང་	NO_POS
།		PUNCT
གཉིས་	གཉིས་	NUM
མེད་	མེད་	VERB
ཀྱི་	གི་	PART
རྫ་	རྫ་	NOUN
བཅའ་བ་	བཅའ་བ་	VERB
འི་	གི་	PART
རིགས་	རིགས་	NOUN
གྱུར་	གྱུར་	VERB
ལ་སོགས་པ་	ལ་སོགས་པ་	NO_POS
མདོར་ན་	མདོར་ན་	NO_POS
འདོད་ཡོན་	འདོད་ཡོན་	NOUN
གྱི་	གི་	PART
ལོངས་སྤྱོད་	ལོངས་སྤྱོད་	NOUN
ཅི་	ཅི་	NO_POS
འབྱོར་	འབྱོར་	VERB
ཐམས་ཅད་	ཐམས་ཅད་	DET
མཆོད་པ་	མཆོད་པ་	VERB
འི་	གི་	PART
ཡོ་བྱད་	ཡོ་བྱད་	NOUN
བྱིན་	བྱིན་	VERB
གྱིས་	གིས་	PART
བརླབས་པ་	བརླབས་པ་	VERB
ནི་	ནི་	NO_POS
ཡེ་ཤེས་	ཡེ་ཤེས་	NOUN
ཀྱི་	གི་	PART
བདུད་རྩི་	བདུད་རྩི་	NOUN
ར་	ལ་	PART
བྱིན་	བྱིན་	VERB
གྱིསབརླབས་		NON_WORD
ཏེ་	སྟེ་	PART
འབུལ་བ་	འབུལ་བ་	VERB
ནི་	ནི་	NO_POS
གསང་བ་	གསང་བ་	VERB
འི་	གི་	PART
ཚོགས་	ཚོགས་	NOUN
།		PUNCT
དེ་	སྟེ་	PART
ཁོ་ན་ཉིད་	ཁོ་ན་ཉིད་	NO_POS
དུ་	ལ་	PART
།		PUNCT
རང་རིགས་	རང་རིགས་	OTHER
སྤྲོས་བྲལ་	སྤྲོས་བྲལ་	ADJ
རྒྱ་ཆད་	རྒྱ་ཆད་	NO_POS
ཕྱོགས་ལྷུང་	ཕྱོགས་ལྷུང་	NOUN
བྲལ་བ་	བྲལ་བ་	VERB
ཀུན་ཁྱབ་	ཀུན་ཁྱབ་	OTHER
ཡངས་པ་	ཡངས་པ་	ADJ
ཆེན་པོ་	ཆེན་པོ་	ADJ
འི་	གི་	PART
ཚོགས་	ཚོགས་	NOUN
སྣོད་	སྣོད་	NOUN
དུ་	ལ་	PART
སེམས་	སེམས་	NOUN
ཡིད་	ཡིད་	NOUN
རྣམ་ཤེས་	རྣམ་ཤེས་	NOUN
དབང་	དབང་	NOUN
ཚོགས་	ཚོགས་	NOUN
ཀྱི་	གི་	PART
འདུ་ཤེས་	འདུ་ཤེས་	NOUN
འགྱུ་	འགྱུ་	NO_POS
དྲན་	དྲན་	VERB
ཕྲ་	ཕྲ་	NOUN
རག་	རག་	VERB
བཟང་ངན་	བཟང་ངན་	ADJ
གྱི་	གི་	PART
རྟོག་	རྟོག་	VERB
ཚོགས་	ཚོགས་	NOUN
བསམ་	བསམ་	NOUN
གྱིས་	གིས་	PART
མི་	མི་	PART
ཁྱབ་པ་	ཁྱབ་པ་	VERB
འི་	གི་	PART
རོལ་	རོལ་	VERB
རྩལ་	རྩལ་	NOUN
		
༽		PUNCT
མཐའ་དག་	མཐའ་དག་	DET
རང་རིག་	རང་རིག་	NO_POS
རང་	རང་	PRON
ཤེ་	ཤེ་	VERB
རང་གྲོལ་	རང་གྲོལ་	NOUN
གྱི་	གི་	PART
ཚོགས་	ཚོགས་	NOUN
སུ་	ལ་	PART
བྱིན་	བྱིན་	VERB
གྱིས་	གིས་	PART
བརླབས་	བརླབས་	NO_POS
ན་	ནས་	PART
།		PUNCT
གདོད་མ་	གདོད་མ་	OTHER
འི་	གི་	PART
གནས་ལུགས་	གནས་ལུགས་	VERB
ཀྱི་	གི་	PART
ངང་	ངང་	NOUN
དུ་	ལ་	PART
འབུལ་	འབུལ་	NO_POS
བྱ་	བྱ་	VERB
འབུལ་	འབུལ་	NO_POS
བྱེད་	བྱེད་	VERB
དང་	དང་	NO_POS
བྲལ་བ་	བྲལ་བ་	VERB
ཉིད་	ཉིད་	DET
དུ་	ལ་	PART
ཡིན་ལུགས་	ཡིན་ལུགས་	AUX
རང་	རང་	PRON
ངོ་	གོ་	PART
ཤེས་པ་	ཤེས་པ་	VERB
ནི་	ནི་	NO_POS
དེ་	སྟེ་	PART
ཁོ་ན་ཉིད་	ཁོ་ན་ཉིད་	NO_POS
ཡང་དག་	ཡང་དག་	ADJ
དོན་	དོན་	NOUN
གྱི་	གི་	PART
ཚོགས་མཆོད་	ཚོགས་མཆོད་	NOUN
དོ་	གོ་	PART
།		PUNCT
མདོར་ན་	མདོར་ན་	NO_POS
སྣང་སྲིད་	སྣང་སྲིད་	NOUN
ཕྱི་	ཕྱི་	NOUN
ནང་	ནང་	NOUN
སྣོད་བཅུད་	སྣོད་བཅུད་	NOUN
ཐམས་ཅད་	ཐམས་ཅད་	DET
ཚོགས་	ཚོགས་	NOUN
ཀྱི་	གི་	PART
རང་བཞིན་	རང་བཞིན་	NOUN
དུ་མ་	དུ་མ་	ADJ
གྱུར་པ་	གྱུར་པ་	VERB
མེད་པ་	མེད་པ་	VERB
འི་	གི་	PART
དོན་	དོན་	NOUN
ཚུལ་བཞིན་	ཚུལ་བཞིན་	NOUN
དུ་	ལ་	PART
ཤེ་	ཤེ་	VERB
དགོས་	དགོས་	VERB
ཤིང་	ཅིང་	PART
།		PUNCT
དེ་ལྟ་	དེ་ལྟ་	NO_POS
བུ་	བུ་	NOUN
འི་	གི་	PART
དབྱེ་བ་	དབྱེ་བ་	VERB
རྟོགས་པ་	རྟོགས་པ་	VERB
ས་	གིས་	PART
།		PUNCT
ནང་	ནང་	NOUN
གི་	གི་	PART
ཚོགས་མཆོད་	ཚོགས་མཆོད་	NOUN
དངོས་གཞི་	དངོས་གཞི་	NOUN
ཇི་ལྟ་		
བགྱི་བ་	བགྱི་བ་	VERB
འི་	གི་	PART
ཐབས་	ཐབས་	NOUN
སམ་	གམ་	PART
ཚུལ་	ཚུལ་	NOUN
ནི་	ནི་	NO_POS
།		PUNCT
སྤྱི་		
གཟུགས་	གཟུགས་	NOUN
སྒྲ་	སྒྲ་	NOUN
དྲི་རོ་	དྲི་རོ་	NOUN
རེག་བྱ་	རེག་བྱ་	NOUN
ལ་སོགས་	ལ་སོགས་	NO_POS
འདོད་ཡོན་	འདོད་ཡོན་	NOUN
ཐམས་ཅད་	ཐམས་ཅད་	DET
ཚོགས་	ཚོགས་	NOUN
ཀྱི་	གི་	PART
དངོས་པོ་	དངོས་པོ་	NOUN
ར་	ལ་	PART
མ་	མ་	PART
གྱུར་བ་	གྱུར་བ་	VERB
མེད་	མེད་	VERB
ཅིང་	ཅིང་	PART
།		PUNCT
བྱེ་བྲག་	བྱེ་བྲག་	NOUN
ཏུ་	ལ་	PART
བཟའ་བ་	བཟའ་བ་	VERB
ཐབས་	ཐབས་	NOUN
ཀྱི་	གི་	PART
རང་བཞིན་	རང་བཞིན་	NOUN
དང་	དང་	NO_POS
།		PUNCT
བཏུང་བ་	བཏུང་བ་	VERB
ཤེས་རབ་	ཤེས་རབ་	NOUN
ཀྱི་	གི་	PART
རང་བཞིན་	རང་བཞིན་	NOUN
ལ་སོགས་	ལ་སོགས་	NO_POS
ཚོགས་རྫས་	ཚོགས་རྫས་	NO_POS
ཀྱི་	གི་	PART
དངོས་པོ་	དངོས་པོ་	NOUN
ར་	ལ་	PART
གྱུར་	གྱུར་	VERB
ཚད་	ཚད་	NOUN
ཇི་ལྟ་		
འབྱོར་བ་	འབྱོར་བ་	VERB
ལེགས་པ་	ལེགས་པ་	VERB
ར་	ལ་	PART
བཤམས་	བཤམས་	NO_POS
ཤིང་	ཅིང་	PART
།		PUNCT
ཡེ་ཤེས་	ཡེ་ཤེས་	NOUN
རྣམ་	རྣམ་	NOUN
རོལ་	རོལ་	VERB
གྱི་	གི་	PART
		
༽		PUNCT
མེ་	མེ་	NOUN
རྃཆུ་		NON_WORD
ཁྂ་		NON_WORD
རླུང་	རླུང་	NOUN
ཡྂ་		NON_WORD
གསུམ་	གསུམ་	NUM
འཕྲོས་པ་	འཕྲོས་པ་	VERB
ས་	གིས་	PART
ཀུན་རྫོབ་	ཀུན་རྫོབ་	NOUN
འཁྲུལ་སྣང་	འཁྲུལ་སྣང་	OTHER
ཉེ་	ཉེ་	VERB
ས་	གིས་	PART
ཚོགས་	ཚོགས་	NOUN
ཀྱི་	གི་	PART
དྲི་མ་	དྲི་མ་	NOUN
ཐམས་ཅད་	ཐམས་ཅད་	DET
སྦྱངས་	སྦྱངས་	VERB
། ༈		PUNCT
སྐུ་གསུམ་	སྐུ་གསུམ་	OTHER
ཡེ་ཤེས་	ཡེ་ཤེས་	NOUN
ཀྱི་	གི་	PART
རྩལ་	རྩལ་	NOUN
སྣང་	སྣང་	VERB
འབྲུ་	འབྲུ་	NOUN
ཨོྃ་		NON_WORD
ཨཱ་	ཨཱ་	NO_POS
ཧཱུྂ་		NON_WORD
།		PUNCT
གསུམ་	གསུམ་	NUM
གྱི་	གི་	PART
འོད་ཟེར་	འོད་ཟེར་	NOUN
འཕྲོས་པ་	འཕྲོས་པ་	VERB
ས་	གིས་	PART
བདེ་ཆེན་	བདེ་ཆེན་	NOUN
ཟག་མེད་	ཟག་མེད་	ADJ
ཀྱི་	གི་	PART
བདུད་རྩི་	བདུད་རྩི་	NOUN
ར་	ལ་	PART
ཡིད་བཞིན་	ཡིད་བཞིན་	OTHER
འདོད་	འདོད་	VERB
འབྱུང་	འབྱུང་	VERB
གི་	གི་	PART
གཏེར་	གཏེར་	NOUN
དུ་	ལ་	PART
བྱིན་	བྱིན་	VERB
གྱིས་	གིས་	PART
བརླབས་	བརླབས་	NO_POS
།		PUNCT
དེ་ཉིད་	དེ་ཉིད་	NOUN
ཡུལ་གོང་	ཡུལ་གོང་	NO_POS
མ་	མ་	PART
དཀྱིལ་འཁོར་	དཀྱིལ་འཁོར་	NOUN
གྱི་	གི་	PART
ལྷ་ཚོགས་	ལྷ་ཚོགས་	NOUN
རྣམས་	རྣམས་	DET
ལ་	ལ་	PART
མཆོད་པ་	མཆོད་པ་	VERB
འི་	གི་	PART
དངོས་པོ་	དངོས་པོ་	NOUN
ར་	ལ་	PART
ཕུལ་	ཕུལ་	VERB
།		PUNCT
ཆོས་སྐྱོང་	ཆོས་སྐྱོང་	NOUN
སྲུང་མ་	སྲུང་མ་	NOUN
རྣམས་	རྣམས་	DET
ལ་	ལ་	PART
ཅི་	ཅི་	NO_POS
འདོད་	འདོད་	VERB
ཀྱི་	གི་	PART
བསྐང་རྫས་	བསྐང་རྫས་	NO_POS
ཕུལ་	ཕུལ་	VERB
།		PUNCT
མཆེད་	མཆེད་	NOUN
དང་	དང་	NO_POS
ལྕམ་དྲལ་	ལྕམ་དྲལ་	NOUN
ཐམས་ཅད་	ཐམས་ཅད་	DET
དངོས་གྲུབ་	དངོས་གྲུབ་	NOUN
དམ་རྫས་	དམ་རྫས་	NOUN
ཀྱི་	གི་	PART
ཚུལ་	ཚུལ་	NOUN
དུ་	ལ་	PART
རོལ་	རོལ་	VERB
།		PUNCT
ཞིང་སྐྱོང་	ཞིང་སྐྱོང་	NOUN
མཁའ་འགྲོ་	མཁའ་འགྲོ་	NOUN
འི་	གི་	PART
ཚོགས་	ཚོགས་	NOUN
ལ་	ལ་	PART
བཀ་	བཀའ་	NOUN
འི་	གི་	PART
ཕམ་ཕབ་	ཕམ་ཕབ་	NO_POS
ཀྱི་	གི་	PART
ཚིལ་	ཚིལ་	NOUN
དུ་	ལ་	PART
གཏོང་བ་	གཏོང་བ་	VERB
ལ་སོགས་	ལ་སོགས་	NO_POS
ཡུལ་གོང་	ཡུལ་གོང་	NO_POS
འོག་	འོག་	NOUN
ཀུན་	ཀུན་	DET
ལ་སོ་	ལ་སོ་	NO_POS
སོ་	སོ་	PART
ར་	ལ་	PART
གང་	གང་	NO_POS
ལ་	ལ་	PART
འཚམ་པ་	འཚམ་པ་	VERB
ར་	ལ་	PART
མཆོད་སྦྱིན་	མཆོད་སྦྱིན་	NOUN
བྱ་	བྱ་	VERB
ཞིང་	ཅིང་	PART
།		PUNCT
དེ་དག་	དེ་དག་	OTHER
གི་	གི་	PART
ཚེ་	ཚེ་	NOUN
ཡང་	ཀྱང་	PART
རློམ་སེམས་	རློམ་སེམས་	NOUN
ཁེ་གྲགས་	ཁེ་གྲགས་	NO_POS
ལོ་	གོ་	PART
འདོད་	འདོད་	VERB
སེར་སྣ་	སེར་སྣ་	NOUN
རེ་དོགས་	རེ་དོགས་	NOUN
ལ་སོགས་པ་	ལ་སོགས་པ་	NO_POS
འི་	གི་	PART
བསམ་པ་	བསམ་པ་	VERB
དང་	དང་	NO_POS
མ་	མ་	PART
འདྲེས་པ་	འདྲེས་པ་	VERB
ར་	ལ་	PART
ཏིང་འཛིན་	ཏིང་འཛིན་	NOUN
ཡེ་ཤེས་	ཡེ་ཤེས་	NOUN
རྣམ་	རྣམ་	NOUN
རོལ་	རོལ་	VERB
གྱི་	གི་	PART
ངང་	ངང་	NOUN
ན་	ནས་	PART
དག་སྣང་	དག་སྣང་	NOUN
མོས་གུས་	མོས་གུས་	NOUN
སྙིང་རྗེ་	སྙིང་རྗེ་	NOUN
ལྡན་	ལྡན་	VERB
ཞིང་	ཅིང་	PART
ལྷག་བསམ་	ལྷག་བསམ་	NOUN
རྣམ་པ་	རྣམ་པ་	NOUN
ར་	ལ་	PART
དག་པ་	དག་པ་	VERB
འི་	གི་	PART
སྒོ་	སྒོ་	NOUN
ན་	ནས་	PART
འབུལ་	འབུལ་	NO_POS
།		PUNCT
ཚོགས་	ཚོགས་	NOUN
ཀྱི་	གི་	PART
ཡོ་བྱད་	ཡོ་བྱད་	NOUN
ཀྱང་	ཀྱང་	PART
།		PUNCT
འབྱོར་པ་	འབྱོར་པ་	NOUN
འི་	གི་	PART
ཚེ་	ཚེ་	NOUN
ན་	ལ་	PART
འདོད་ཡོན་	འདོད་ཡོན་	NOUN
གྱི་	གི་	PART
ལོངས་སྤྱོད་	ལོངས་སྤྱོད་	NOUN
གྱུར་	གྱུར་	VERB
ཏོ་	གོ་	PART
ཅོག་	ཅོག་	DET
ཐམས་ཅད་	ཐམས་ཅད་	DET
འཕང་	འཕང་	VERB
སེམས་	སེམས་	NOUN
ཞེན་ཆགས་	ཞེན་ཆགས་	NOUN
བྲལ་བ་	བྲལ་བ་	VERB
ས་	གིས་	PART
ཅི་	ཅི་	NO_POS
ཡོད་	ཡོད་	VERB
ཚོགས་	ཚོགས་	NOUN
སུ་	ལ་	PART
བཤམས་	བཤམས་	NO_POS
།		PUNCT
མ་	མ་	PART
འབྱོར་བ་	འབྱོར་བ་	VERB
འི་	གི་	PART
ཚེ་	ཚེ་	NOUN
ན་	ལ་	PART
ཆི་	ཆི་	NO_POS
ལ་	ལ་	ADP
འང་	ཀྱང་	PART
རུང་	རུང་	SCONJ
ཞིང་	ཅིང་	PART
།		PUNCT
ལྷག་བསམ་	ལྷག་བསམ་	NOUN
གྱི་	གི་	PART
ཀུན་	ཀུན་	DET
ན་	ནས་	PART
བླངས་	བླངས་	VERB
ཤིང་	ཅིང་	PART
ཏིང་འཛིན་	ཏིང་འཛིན་	NOUN
གྱི་	གི་	PART
ཁ་	ཁ་	PRON
བསྒྱུར་	བསྒྱུར་	VERB
ཤེ་	ཤེ་	VERB
ན་	ལ་	PART
དངོས་པོ་	དངོས་པོ་	NOUN
ཐམས་ཅད་	ཐམས་ཅད་	DET
ཚོགས་མཆོད་	ཚོགས་མཆོད་	NOUN
དུ་མ་	དུ་མ་	ADJ
གྱུར་པ་	གྱུར་པ་	VERB
རྡུལ་	རྡུལ་	NOUN
ཙམ་	ཙམ་	DET
ཡང་	ཀྱང་	PART
མེད་པ་	མེད་པ་	VERB
ས་	གིས་	PART
ཅིར་	ཅིར་	NO_POS
སྣང་	སྣང་	VERB
ཆོས་ཉིད་	ཆོས་ཉིད་	NOUN
རྣམ་	རྣམ་	NOUN
རོལ་	རོལ་	VERB
ཆེན་པོ་	ཆེན་པོ་	ADJ
འི་	གི་	PART
ངང་	ངང་	NOUN
དུ་	ལ་	PART
སྤྱད་	སྤྱད་	VERB
།		PUNCT
རང་ཉིད་	རང་ཉིད་	OTHER
བཟའ་བཏུང་	བཟའ་བཏུང་	NOUN
ཏི་	ཏི་	NO_POS
རིགས་	རིགས་	NOUN
གང་	གང་	NO_POS
ལ་	ལ་	PART
སྤྱོད་	སྤྱོད་	VERB
ཚེ་	ཚེ་	NOUN
འང་	ཀྱང་	PART
།		PUNCT
དངོས་གྲུབ་	དངོས་གྲུབ་	NOUN
ཚོགས་	ཚོགས་	NOUN
ཀྱི་	གི་	PART
འཁོར་ལོ་	འཁོར་ལོ་	NOUN
ར་	ལ་	PART
དམིགས་	དམིགས་	VERB
ཏེ་	སྟེ་	PART
ཕུང་	ཕུང་	VERB
ཁམས་	ཁམས་	NOUN
སྐྱེ་མཆེད་	སྐྱེ་མཆེད་	NOUN
ཐམས་ཅད་	ཐམས་ཅད་	DET
རྒྱལ་བ་	རྒྱལ་བ་	NOUN
འི་	གི་	PART
ལདཀྱིལ་		NON_WORD
འཁོར་	འཁོར་	NOUN
ཉིད་	ཉིད་	DET
དུ་	ལ་	PART
ལྷུན་	ལྷུན་	NOUN
གྱིས་	གིས་	PART
གྲུབ་	གྲུབ་	VERB
ཅིང་	ཅིང་	PART
།		PUNCT
གནས་པ་	གནས་པ་	VERB
རྩ་	རྩ་	NUM
དང་	དང་	NO_POS
གཡོ་བ་	གཡོ་བ་	VERB
རླུང་	རླུང་	NOUN
བཀོད་པ་	བཀོད་པ་	VERB
བྱང་ཆུབ་	བྱང་ཆུབ་	NOUN
སེམས་	སེམས་	NOUN
ཀྱི་	གི་	PART
སྣང་	སྣང་	VERB
ལུགས་	ལུགས་	NOUN
གནས་ཚུལ་	གནས་ཚུལ་	VERB
ཐམས་ཅད་	ཐམས་ཅད་	DET
ནི་	ནི་	NO_POS
གནས་	གནས་	NOUN
དང་	དང་	NO_POS
ཉེ་བ་	ཉེ་བ་	VERB
འི་	གི་	PART
གནས་	གནས་	NOUN
།		PUNCT
ཞིང་	ཅིང་	PART
དང་	དང་	NO_POS
ཉེ་བ་	ཉེ་བ་	VERB
འི་	གི་	PART
ཞིང་	ཅིང་	PART
ལ་སོགས་པ་	ལ་སོགས་པ་	NO_POS
ར་	ལ་	PART
ཡེ་ནས་	ཡེ་ནས་	NO_POS
རང་བྱུང་	རང་བྱུང་	NOUN
དུ་	ལ་	PART
མཆིས་	མཆིས་	VERB
ཤིང་	ཅིང་	PART
།		PUNCT
ཕྱི་	ཕྱི་	NOUN
		
༽		PUNCT
རོལ་	རོལ་	VERB
གྱི་	གི་	PART
ཡུལ་	ཡུལ་	NOUN
ཉི་ཤུ་	ཉི་ཤུ་	NUM
རྩ་	རྩ་	NUM
བཞི་	བཞི་	NUM
མཐའ་དག་	མཐའ་དག་	DET
ནང་	ནང་	NOUN
དུ་	ལ་	PART
རྡོ་རྗེ་	རྡོ་རྗེ་	NOUN
འི་	གི་	PART
ལུས་	ལུས་	NOUN
ཀྱི་	གི་	PART
སྤྱོ་བོ་	སྤྱོ་བོ་	NO_POS
ལ་སོགས་པ་	ལ་སོགས་པ་	NO_POS
འི་	གི་	PART
གནས་	གནས་	NOUN
དང་	དང་	NO_POS
།		PUNCT
ཡུལ་	ཡུལ་	NOUN
དེ་དག་	དེ་དག་	OTHER
གི་	གི་	PART
དཔའ་བོ་	དཔའ་བོ་	NOUN
རྡོ་རྗེ་	རྡོ་རྗེ་	NOUN
འོད་ལྡན་	འོད་ལྡན་	PROPN
ཡབ་ཡུམ་	ཡབ་ཡུམ་	NOUN
ལ་སོགས་	ལ་སོགས་	NO_POS
རྣམས་	རྣམས་	DET
ཀྱང་	ཀྱང་	PART
ནང་	ནང་	NOUN
དུ་	ལ་	PART
རྩ་	རྩ་	NUM
སྒོམ་པ་	སྒོམ་པ་	VERB
ལ་སོགས་པ་	ལ་སོགས་པ་	NO_POS
འི་	གི་	PART
རྩ་	རྩ་	NUM
རླུང་	རླུང་	NOUN
ཐིག་ལེ་	ཐིག་ལེ་	NOUN
འི་	གི་	PART
ཚུལ་	ཚུལ་	NOUN
དུ་	ལ་	PART
ལྷུན་གྲུབ་	ལྷུན་གྲུབ་	OTHER
ཏུ་	ལ་	PART
བཞུགས་པ་	བཞུགས་པ་	VERB
ར་	ལ་	PART
རྒྱུད་སྡེ་	རྒྱུད་སྡེ་	NOUN
མཐའ་དག་	མཐའ་དག་	DET
ལ་	ལ་	ADP
ས་	གིས་	PART
གསུངས་	གསུངས་	VERB
ཕྱི་	ཕྱི་	OTHER
།		PUNCT
ནང་	ནང་	NOUN
དུ་	ལ་	PART
ཏིང་འཛིན་	ཏིང་འཛིན་	NOUN
རྣལ་འབྱོར་	རྣལ་འབྱོར་	NOUN
དང་	དང་	NO_POS
ལྡན་པ་	ལྡན་པ་	VERB
ས་	གིས་	PART
ཚོགས་	ཚོགས་	NOUN
ཀྱི་	གི་	PART
མཆོད་པ་	མཆོད་པ་	VERB
ལན་	ལན་	NOUN
གཅིག་	གཅིག་	NUM
བྱ་	བྱ་	VERB
ན་	ལ་	PART
ཕྱི་རོལ་	ཕྱི་རོལ་	NOUN
ཡུལ་	ཡུལ་	NOUN
ཆེན་	ཆེན་	NO_POS
ཉི་ཤུ་	ཉི་ཤུ་	NUM
རྩ་	རྩ་	NUM
བཞི་	བཞི་	NUM
འི་	གི་	PART
དཔའ་བོ་	དཔའ་བོ་	NOUN
མཁའ་འགྲོ་	མཁའ་འགྲོ་	NOUN
འི་	གི་	PART
འདུ་བ་	འདུ་བ་	VERB
ཀུན་	ཀུན་	DET
ལ་	ལ་	PART
ཚོགས་	ཚོགས་	NOUN
ཀྱི་	གི་	PART
འཁོར་ལོ་	འཁོར་ལོ་	NOUN
དུས་	དུས་	NOUN
གཅིག་	གཅིག་	NUM
ཏུ་	ལ་	PART
བགྱིས་པ་	བགྱིས་པ་	VERB
འི་	གི་	PART
བསོད་ནམས་	བསོད་ནམས་	NOUN
ཐོབ་	ཐོབ་	VERB
ཅིང་	ཅིང་	PART
།		PUNCT
དེ་	དེ་	DET
ར་	ལ་	PART
ཡང་	ཀྱང་	PART
མ་ཟད་	མ་ཟད་	NO_POS
ཐེག་མཆོག་	ཐེག་མཆོག་	OTHER
རྫོགས་པ་	རྫོགས་པ་	VERB
ཆེན་པོ་	ཆེན་པོ་	ADJ
ལྟ་	ལྟ་	OTHER
ན་	ལ་	PART
ཙཏྟ་		NON_WORD
འོད་	འོད་	NOUN
ཁྱིམ་	ཁྱིམ་	NOUN
གྱི་	གི་	PART
ཀློང་	ཀློང་	NOUN
ན་	ལ་	PART
སངས་རྒྱས་	སངས་རྒྱས་	NOUN
ཞི་བ་	ཞི་བ་	VERB
སུམ་ཅུ་	སུམ་ཅུ་	OTHER
རྩ་	རྩ་	NUM
དྲུག་	དྲུག་	NUM
ཀླད་པ་	ཀླད་པ་	NOUN
དུང་ཁང་	དུང་ཁང་	NO_POS
གི་	གི་	PART
ནང་	ནང་	NOUN
དུ་	ལ་	PART
ཁྲོ་བོ་	ཁྲོ་བོ་	NOUN
ཁྲག་འཐུང་	ཁྲག་འཐུང་	PROPN
ལྔ་	ལྔ་	NUM
བཅུ་	བཅུ་	NUM
རྩ་	རྩ་	NUM
བརྒྱད་	བརྒྱད་	NUM
།		PUNCT
མགྲིན་པ་	མགྲིན་པ་	NOUN
རྩ་	རྩ་	NUM
འི་	གི་	PART
དྲ་བ་	དྲ་བ་	OTHER
ན་	ལ་	PART
རིག་འཛིན་	རིག་འཛིན་	OTHER
མཁའ་འགྲོ་	མཁའ་འགྲོ་	NOUN
འི་	གི་	PART
ལྷ་	ལྷ་	NOUN
		
༽		PUNCT
ཚོགས་	ཚོགས་	NOUN
།		PUNCT
གནས་	གནས་	NOUN
དྲུག་	དྲུག་	NUM
རྩ་	རྩ་	NUM
འི་	གི་	PART
འཁོར་ལོ་	འཁོར་ལོ་	NOUN
རུ་	ལ་	PART
བཅོམ་ལྡན་	བཅོམ་ལྡན་	NOUN
ཐུབ་པ་	ཐུབ་པ་	VERB
རིགས་	རིགས་	NOUN
དྲུག་	དྲུག་	NUM
ལ་སོགས་	ལ་སོགས་	NO_POS
ཞི་	ཞི་	VERB
ཁྲོ་	ཁྲོ་	VERB
འི་	གི་	PART
ལྷ་ཚོགས་	ལྷ་ཚོགས་	NOUN
ཐམས་ཅད་	ཐམས་ཅད་	DET
ལུས་	ལུས་	NOUN
གནས་	གནས་	NOUN
རྒྱལ་བ་	རྒྱལ་བ་	NOUN
འི་	གི་	PART
དཀྱིལ་འཁོར་	དཀྱིལ་འཁོར་	NOUN
ཁོ་ན་	ཁོ་ན་	DET
ཡིན་པ་	ཡིན་པ་	AUX
དང་	དང་	NO_POS
།		PUNCT
གཞན་	གཞན་	DET
ཡང་བ་	ཡང་བ་	VERB
སྤུ་	སྤུ་	NOUN
འི་	གི་	PART
བུ་ག་	བུ་ག་	NOUN
རེ་རེ་	རེ་རེ་	DET
ན་	ལ་	PART
ཡང་	ཀྱང་	PART
མཁའ་འགྲོ་	མཁའ་འགྲོ་	NOUN
བྱེ་བ་	བྱེ་བ་	NOUN
འབུམ་	འབུམ་	NUM
སྡེ་	སྡེ་	NOUN
འི་	གི་	PART
ཕོ་བྲང་	ཕོ་བྲང་	NOUN
ཡིན་པ་	ཡིན་པ་	AUX
ར་	ལ་	PART
གསུངས་པ་	གསུངས་པ་	VERB
ས་	གིས་	PART
ན་	ལ་	PART
དེ་ཕྱིར་	དེ་ཕྱིར་	NO_POS
བཟའ་བཏུང་	བཟའ་བཏུང་	NOUN
འཁོར་	འཁོར་	NOUN
གྱི་	གི་	PART
རང་བཞིན་	རང་བཞིན་	NOUN
དུ་	ལ་	PART
འགྱུར་བ་	འགྱུར་བ་	VERB
འི་	གི་	PART
གནད་	གནད་	NOUN
རྣམས་	རྣམས་	DET
ཤེས་པ་	ཤེས་པ་	VERB
ར་	ལ་	PART
བྱ་	བྱ་	VERB
།		PUNCT
མདོ་	མདོ་	NOUN
ར་	ལ་	PART
བསྡུ་	བསྡུ་	VERB
ན་	ལ་	PART
།		PUNCT
བཤམས་པ་	བཤམས་པ་	VERB
རྫ་	རྫ་	NOUN
ཀྱི་	གི་	PART
ཚོགས་འཁོར་	ཚོགས་འཁོར་	NOUN
བླ་མ་	བླ་མ་	NOUN
ཡི་དམ་	ཡི་དམ་	NOUN
མཁའ་འགྲོ་	མཁའ་འགྲོ་	NOUN
ཆོས་སྐྱོང་	ཆོས་སྐྱོང་	NOUN
མཆེད་ལྕམ་	མཆེད་ལྕམ་	NOUN
དང་	དང་	NO_POS
བཅས་པ་	བཅས་པ་	VERB
རྣམས་	རྣམས་	DET
ལ་	ལ་	PART
སྤྱི་		
འབུལ་	འབུལ་	NO_POS
།		PUNCT
སྒྱུ་ལུས་	སྒྱུ་ལུས་	NOUN
ཕུང་པོ་	ཕུང་པོ་	NOUN
འི་	གི་	PART
ཚོགས་འཁོར་	ཚོགས་འཁོར་	NOUN
ཏིང་འཛིན་	ཏིང་འཛིན་	NOUN
གནད་	གནད་	NOUN
དང་	དང་	NO_POS
ལྡན་པ་	ལྡན་པ་	VERB
ས་	གིས་	PART
སྣང་སྲིད་	སྣང་སྲིད་	NOUN
ལྷ་འདྲེ་	ལྷ་འདྲེ་	NOUN
ལ་སོགས་	ལ་སོགས་	NO_POS
མཆོད་སྦྱིན་	མཆོད་སྦྱིན་	NOUN
གྱི་	གི་	PART
དུ་	ལ་	PART
གྱུར་པོ་	གྱུར་པོ་	VERB
གོང་འོག་	གོང་འོག་	OTHER
བར་མ་	བར་མ་	ADJ
རྣམས་	རྣམས་	DET
ལ་	ལ་	PART
བྱེ་བྲག་	བྱེ་བྲག་	NOUN
ཏུ་	ལ་	PART
འབུལ་	འབུལ་	NO_POS
།		PUNCT
བཟའ་བཏུང་	བཟའ་བཏུང་	NOUN
རྒྱུན་	རྒྱུན་	NOUN
གྱི་	གི་	PART
ཚོགས་འཁོར་	ཚོགས་འཁོར་	NOUN
ལོག་འཚོ་	ལོག་འཚོ་	NOUN
དཀོར་		NON_WORD
སྡིག་	སྡིག་	NOUN
དང་	དང་	NO_POS
མ་	མ་	PART
འདྲེས་པ་	འདྲེས་པ་	VERB
ཕུང་	ཕུང་	VERB
ཁམས་	ཁམས་	NOUN
རྒྱལ་བ་	རྒྱལ་བ་	NOUN
འི་	གི་	PART
དཀྱིལ་འཁོར་	དཀྱིལ་འཁོར་	NOUN
ལ་	ལ་	PART
ཁྱད་པར་	ཁྱད་པར་	NOUN
དུ་	ལ་	PART
འབུལ་	འབུལ་	NO_POS
།		PUNCT
ཅིར་	ཅིར་	NO_POS
སྣང་	སྣང་	VERB
ཆོས་ཉིད་	ཆོས་ཉིད་	NOUN
ཀྱི་	གི་	PART
ཚོགས་འཁོར་	ཚོགས་འཁོར་	NOUN
རང་	རང་	PRON
		
༽		PUNCT
ཤ་	ཤ་	VERB
རང་གྲོལ་	རང་གྲོལ་	NOUN
གྱི་	གི་	PART
ངང་	ངང་	NOUN
ན་	ནས་	PART
ཡེངས་	ཡེངས་	NO_POS
འཁྲུལ་	འཁྲུལ་	NO_POS
གཉིས་	གཉིས་	NUM
འཛིན་	འཛིན་	VERB
དང་	དང་	NO_POS
བྲལ་	བྲལ་	VERB
ཞིང་	ཅིང་	PART
དགག་	དགག་	VERB
བསྒྲུབ་	བསྒྲུབ་	VERB
བླང་དོར་	བླང་དོར་	NOUN
ལ་	ལ་	ADP
ས་	གིས་	PART
འདས་པ་	འདས་པ་	VERB
རང་རིག་	རང་རིག་	NO_POS
ཀ་དག་	ཀ་དག་	OTHER
གི་	གི་	PART
ངང་	ངང་	NOUN
དུ་	ལ་	PART
དོན་དམ་པ་	དོན་དམ་པ་	NOUN
ར་	ལ་	PART
འབུལ་བ་	འབུལ་བ་	VERB
ནི་	ནི་	NO_POS
ཚོགས་	ཚོགས་	NOUN
ཀྱི་	གི་	PART
འཁོར་ལོ་	འཁོར་ལོ་	NOUN
ཡང་དག་པ་	ཡང་དག་པ་	ADJ
འོ་	གོ་	PART
།		PUNCT
དེ་ལྟ་	དེ་ལྟ་	NO_POS
བུ་	བུ་	NOUN
འི་	གི་	PART
ཚོགས་	ཚོགས་	NOUN
ཀྱི་	གི་	PART
མཆོད་པ་	མཆོད་པ་	VERB
བགྱིས་པ་	བགྱིས་པ་	VERB
དགོས་ཆེད་	དགོས་ཆེད་	NO_POS
དང་	དང་	NO_POS
ཕན་ཡོན་	ཕན་ཡོན་	NOUN
ཇི་ལྟ་བུ་	ཇི་ལྟ་བུ་	NO_POS
ཡོད་	ཡོད་	VERB
ཞེ་ན་	ཅེ་ན་	PART
།		PUNCT
ཐེག་པ་	ཐེག་པ་	NOUN
འི་	གི་	PART
མཐར་ཐུག་	མཐར་ཐུག་	NOUN
རྫོགས་པ་	རྫོགས་པ་	VERB
རང་བྱུང་	རང་བྱུང་	NOUN
གི་	གི་	PART
རྒྱུད་	རྒྱུད་	NOUN
ལ་	ལ་	ADP
ས་	གིས་	PART
།		PUNCT
ཚོགས་	ཚོགས་	NOUN
ཀྱི་	གི་	PART
འཁོར་ལོ་	འཁོར་ལོ་	NOUN
བསྐོར་བ་	བསྐོར་བ་	VERB
འི་	གི་	PART
ཡོན་ཏན་	ཡོན་ཏན་	NOUN
ནི་	ནི་	NO_POS
།		PUNCT
ཚེ་རབས་	ཚེ་རབས་	NOUN
སྔ་ཕྱི་	སྔ་ཕྱི་	ADJ
དཔག་མེད་	དཔག་མེད་	ADJ
སྒྲིབ་པ་	སྒྲིབ་པ་	VERB
རྣམས་	རྣམས་	DET
། །		PUNCT
ཞི་	ཞི་	VERB
ཁྲོ་	ཁྲོ་	VERB
འི་	གི་	PART
སྤྱན་སྔ་	སྤྱན་སྔ་	PROPN
ར་	ལ་	PART
སྐད་ཅིག་	སྐད་ཅིག་	OTHER
ཙམ་	ཙམ་	DET
གྱིས་	གིས་	PART
བྱང་	བྱང་	NOUN
། །		PUNCT
ཚེ་རབས་	ཚེ་རབས་	NOUN
ཕྱི་མ་	ཕྱི་མ་	ADJ
གནས་	གནས་	NOUN
ནི་	ནི་	NO_POS
ག་	ག་	NOUN
སྐྱེ་	སྐྱེ་	VERB
ཀྱང་	ཀྱང་	PART
། །		PUNCT
ཡོ་བྱད་	ཡོ་བྱད་	NOUN
ཆུང་བ་	ཆུང་བ་	VERB
དག་	དག་	DET
ཏུ་	ལ་	PART
མི་	མི་	PART
འགྱུར་	འགྱུར་	VERB
ཞིང་	ཅིང་	PART
།		PUNCT
རྟག་	རྟག་	VERB
ཏུ་	ལ་	PART
ཆོ་	ཆོ་	NOUN
ཀྱི་	གི་	PART
འཁོར་ལོ་	འཁོར་ལོ་	NOUN
བསྒྱུར་བ་	བསྒྱུར་བ་	VERB
ར་	ལ་	PART
འགྱུར་	འགྱུར་	VERB
། །		PUNCT
རིན་ཆེན་	རིན་ཆེན་	OTHER
ནོར་	ནོར་	NOUN
དང་	དང་	NO_POS
འབྲུ་	འབྲུ་	NOUN
ལ་	ལ་	PART
ལོངས་སྤྱོད་	ལོངས་སྤྱོད་	NOUN
ཅིང་	ཅིང་	PART
། །		PUNCT
རྫ་	རྫ་	NOUN
དང་	དང་	NO_POS
ཡོ་བྱད་	ཡོ་བྱད་	NOUN
ལྡན་པ་	ལྡན་པ་	VERB
འི་	གི་	PART
སྐྱེས་བུ་	སྐྱེས་བུ་	NOUN
ར་	ལ་	PART
འགྱུར་	འགྱུར་	VERB
། །		PUNCT
ཅེས་	ཅེས་	PART
གནས་སྐབས་	གནས་སྐབས་	NOUN
ཀྱི་	གི་	PART
ཡོན་ཏན་	ཡོན་ཏན་	NOUN
དང་	དང་	NO_POS
།		PUNCT
དེ་བ་	དེ་བ་	OTHER
ས་	གིས་	PART
ལྷག་པ་	ལྷག་པ་	VERB
འི་	གི་	PART
ཡོན་ཏན་	ཡོན་ཏན་	NOUN
འདི་	འདི་	DET
རྣམས་	རྣམས་	DET
ཐོབ་	ཐོབ་	VERB
། །		PUNCT
བར་དོ་	བར་དོ་	NOUN
རང་སྣང་	རང་སྣང་	NO_POS
ཡེ་ཤེས་	ཡེ་ཤེས་	NOUN
དག་	དག་	DET
མཐོང་བ་	མཐོང་བ་	VERB
ས་	གིས་	PART
། །		PUNCT
དེ་	སྟེ་	PART
ལ་	ལ་	PART
གྲོལ་	གྲོལ་	VERB
ན་	ནས་	PART
མི་	མི་	PART
འགྱུར་	འགྱུར་	VERB
ས་	ས་	ADP
ལ་	ལ་	PART
གནས་	གནས་	NOUN
། །		PUNCT
སྤྲུལ་བ་	སྤྲུལ་བ་	VERB
སྟོང་གསུམ་	སྟོང་གསུམ་	OTHER
གང་བ་	གང་བ་	VERB
ས་	གིས་	PART
འགྲོ་དོན་	འགྲོ་དོན་	NOUN
བྱེད་	བྱེད་	VERB
། །		PUNCT
དེ་ལྟ་	དེ་ལྟ་	NO_POS
བུ་	བུ་	NOUN
ཡོན་ཏན་	ཡོན་ཏན་	NOUN
ཐོབ་པ་	ཐོབ་པ་	VERB
ར་	ལ་	PART
འགྱུར་	འགྱུར་	VERB
། །		PUNCT
ཞེ་	ཅེས་	PART
གསུངས་	གསུངས་	VERB
ཤིང་	ཅིང་	PART
མདོར་ན་	མདོར་ན་	NO_POS
ཚོགས་	ཚོགས་	NOUN
ཀྱི་	གི་	PART
འཁོར་ལོ་	འཁོར་ལོ་	NOUN
འི་	གི་	PART
ཕན་ཡོན་	ཕན་ཡོན་	NOUN
ནི་	ནི་	NO_POS
དཔག་	དཔག་	VERB
ཏུ་	ལ་	PART
མེད་	མེད་	VERB
དོ་	གོ་	PART
། ༈		PUNCT
ཞི་	ཞི་	VERB
རྒྱ་	རྒྱ་	VERB
དབང་	དབང་	NOUN
དྲག་	དྲག་	VERB
གི་	གི་	PART
ཕྲིན་ལས་	ཕྲིན་ལས་	NOUN
འགྲུབ་	འགྲུབ་	VERB
།		PUNCT
དམ་ཚིག་	དམ་ཚིག་	NOUN
ཉམས་	ཉམས་	NOUN
ཆགས་	ཆགས་	VERB
ཐམས་ཅད་	ཐམས་ཅད་	DET
གསོར་	གསོར་	NO_POS
ཆུད་	ཆུད་	VERB
།		PUNCT
ལྷ་	ལྷ་	NOUN
དང་	དང་	NO_POS
བླ་མ་	བླ་མ་	NOUN
དམ་ཅན་	དམ་ཅན་	NOUN
མཆེད་ལྕམ་	མཆེད་ལྕམ་	NOUN
གྱི་	གི་	PART
དགྱེས་པ་	དགྱེས་པ་	VERB
སྐོངས་	སྐོངས་	VERB
།		PUNCT
མི་	མི་	PART
མཐུན་	མཐུན་	VERB
རྐྱེན་ངན་	རྐྱེན་ངན་	NOUN
བར་ཆད་	བར་ཆད་	NOUN
བསལ་	བསལ་	VERB
།		PUNCT
བསོད་ནམས་	བསོད་ནམས་	NOUN
དང་	དང་	NO_POS
ཡེ་ཤེས་	ཡེ་ཤེས་	NOUN
ཀྱི་	གི་	PART
ཚོགས་	ཚོགས་	NOUN
གཉིས་	གཉིས་	NUM
ཡོངས་སུ་	ཡོངས་སུ་	NO_POS
རྫོགས་	རྫོགས་	VERB
།		PUNCT
མཆོག་	མཆོག་	ADJ
དང་	དང་	NO_POS
ཐུན་མོང་	ཐུན་མོང་	ADJ
གི་	གི་	PART
དངོས་གྲུབ་	དངོས་གྲུབ་	NOUN
ཅིག་	ཅིག་	PART
ཆ་	ཆ་	NOUN
ར་	ལ་	PART
དུ་	ལ་	PART
ཐོབ་པ་	ཐོབ་པ་	VERB
ལ་སོགས་པ་	ལ་སོགས་པ་	NO_POS
འི་	གི་	PART
ཕན་ཡོན་	ཕན་ཡོན་	NOUN
གྱི་	གི་	PART
རྣམ་	རྣམ་	NOUN
གྲངས་	གྲངས་	NOUN
བརྗོད་	བརྗོད་	VERB
ལ་	ལ་	ADP
ས་	གིས་	PART
འདས་པ་	འདས་པ་	VERB
ཐོབ་	ཐོབ་	VERB
ཅིང་	ཅིང་	PART
།		PUNCT
གསང་སྔགས་	གསང་སྔགས་	NOUN
བླ་མེད་	བླ་མེད་	ADJ
རྡོ་རྗེ་	རྡོ་རྗེ་	NOUN
ཐེག་པ་	ཐེག་པ་	NOUN
འི་	གི་	PART
ཁྱད་པར་	ཁྱད་པར་	NOUN
གྱི་	གི་	PART
ཟབ་	ཟབ་	VERB
གནད་	གནད་	NOUN
ཆ་	ཆ་	NOUN
རྐྱེན་	རྐྱེན་	NOUN
ཁ་	ཁ་	PRON
སྐོངས་	སྐོངས་	VERB
ལག་ལེན་	ལག་ལེན་	NOUN
རྨད་བྱུང་	རྨད་བྱུང་	NOUN
དུ་	ལ་	PART
བྱུང་བ་	བྱུང་བ་	VERB
ཡིན་ཡང་	ཡིན་ཡང་	NO_POS
རྒྱུན་	རྒྱུན་	NOUN
ལྡན་	ལྡན་	VERB
དུ་	ལ་	PART
བརྩོན་པ་	བརྩོན་པ་	VERB
ར་	ལ་	PART
མཛད་	མཛད་	VERB
འཚལ་	འཚལ་	VERB
།		PUNCT
ཚོགས་	ཚོགས་	NOUN
ཀྱི་	གི་	PART
རྣམ་བཤད་	རྣམ་བཤད་	NOUN
མདོ་	མདོ་	NOUN
ར་	ལ་	PART
		
༽		PUNCT
བསྡུ་	བསྡུ་	VERB
འདི་	འདི་	DET
།		PUNCT
རབ་	རབ་	ADV
མཛེ་	མཛེ་	VERB
ཀུ་	ཀུ་	NO_POS
ར་	ར་	ADP
འི་	གི་	PART
གོ་	གོ་	NOUN
འཆང་བ་	འཆང་བ་	VERB
འི་	གི་	PART
།		PUNCT
རིག་	རིག་	VERB
སྔགས་	སྔགས་	NOUN
འཛིན་པ་	འཛིན་པ་	VERB
༼		PUNCT
དཀར་པོ་བ་	དཀར་པོ་བ་	ADJ
ཀུན་དགའ་	ཀུན་དགའ་	PROPN
བསྟན་འཛིན་	བསྟན་འཛིན་	NOUN
༽		PUNCT
དེ་	དེ་	DET
ས་	གིས་	PART
བསྐུལ་	བསྐུལ་	VERB
ངོ་	ངོ་	PART
ར་	ལ་	PART
། །		PUNCT
བཀོད་	བཀོད་	VERB
འདི་	འདི་	DET
ས་	གིས་	PART
འགྲོ་	འགྲོ་	VERB
ལ་	ལ་	PART
ཕན་	ཕན་	NOUN
འགྲུབ་	འགྲུབ་	VERB
ཤོག་	ཤོག་	VERB
།		PUNCT
དེ་ལས་	དེ་ལས་	NO_POS
ཆེ་	ཆེ་	VERB
ར་	ལ་	PART
སྤྲོས་པ་	སྤྲོས་པ་	VERB
འི་	གི་	PART
ཚོགས་	ཚོགས་	NOUN
ཀྱི་	གི་	PART
འདུ་བ་	འདུ་བ་	VERB
བསྒྲགས་པ་	བསྒྲགས་པ་	VERB
དང་	དང་	NO_POS
ཚོགས་འཁོར་	ཚོགས་འཁོར་	NOUN
གྱི་	གི་	PART
བྱ་བ་	བྱ་བ་	VERB
ཇི་ལྟ་བ་	ཇི་ལྟ་བ་	ADJ
རྒྱུད་སྡེ་	རྒྱུད་སྡེ་	NOUN
ལ་	ལ་	ADP
ས་	གིས་	PART
གསུངས་པ་	གསུངས་པ་	VERB
འི་	གི་	PART
ཚུལ་	ཚུལ་	NOUN
དག་	དག་	DET
སྤྲོ་བ་	སྤྲོ་བ་	VERB
ར་	ལ་	PART
ནུས་	ནུས་	VERB
མོད་	མོད་	VERB
ཀྱང་	ཀྱང་	PART
།		PUNCT
དེིང་		NON_WORD
སང་	སང་	ADV
བསྐལ་བ་	བསྐལ་བ་	NOUN
སྙིགས་མ་	སྙིགས་མ་	NOUN
འི་	གི་	PART
མཐའ་	མཐའ་	NOUN
ལ་	ལ་	PART
ཆེ་	ཆེ་	VERB
ཆེ་	ཆེ་	VERB
ར་	ལ་	PART
ཐུག་པ་	ཐུག་པ་	VERB
འི་	གི་	PART
རང་	རང་	PRON
ཚུལ་	ཚུལ་	NOUN
འདི་	འདི་	DET
ས་	གིས་	PART
།		PUNCT
དེ་ལྟ་	དེ་ལྟ་	NO_POS
བུ་	བུ་	NOUN
འི་	གི་	PART
ནུས་ལྡན་	ནུས་ལྡན་	ADJ
གྱི་	གི་	PART
གཙོ་	གཙོ་	NOUN
ཆེ་	ཆེ་	VERB
ར་	ལ་	PART
ཚུལ་ལྡན་	ཚུལ་ལྡན་	NO_POS
དགོན་	དགོན་	OTHER
ཆེ་	ཆེ་	VERB
འདི་	འདི་	DET
ར་	ལ་	PART
བཤད་	བཤད་	VERB
ཀྱང་	ཀྱང་	PART
ངལ་བ་	ངལ་བ་	VERB
དོན་མེད་	དོན་མེད་	ADJ
ལས་མི་	ལས་མི་	NOUN
འགྱུར་བ་	འགྱུར་བ་	VERB
ས་	གིས་	PART
རེ་ཞིག་	རེ་ཞིག་	NO_POS
འདི་ཙམ་	འདི་ཙམ་	NO_POS
གྱིས་	གིས་	PART
ཆོག་པ་	ཆོག་པ་	VERB
ར་	ལ་	PART
སེམས་	སེམས་	NOUN
སོ་	གོ་	PART
།།		PUNCT
